{"cameraMode":{"drawMode":0,"name":"Shaded","section":"Shading Mode"},"sceneLighting":true,"audioPlay":false,"sceneViewState":{"m_AlwaysRefresh":false,"showFog":true,"showSkybox":true,"showFlares":true,"showImageEffects":true,"showParticleSystems":true,"showVisualEffectGraphs":true,"m_FxEnabled":true},"in2DMode":false,"pivot":{"x":-0.48443377017974856,"y":0.958956241607666,"z":0.9369276165962219},"rotation":{"x":0.23228196799755097,"y":-0.06122953072190285,"z":0.014653099700808525,"w":0.9706100821495056},"size":5.895824432373047,"orthographic":false}